conversation_id,response
2570448_42_1,Yes
2570448_42_2,No
2580534_104_1,No
2580534_104_2,Yes
2580534_34_1,Yes
2580534_34_2,No
2850057_13_1,Yes
2850057_13_2,Yes
2850095_108_1,No
2850095_108_2,Yes
2850525_35_1,Yes
2850525_35_2,Yes
2856156_34_1,Yes
2856156_34_2,No
2856167_175_1,No
2856167_175_2,Yes
2856167_18_2,No
2856167_86_1,Yes
2856167_86_2,No
2856205_121_1,Yes
2856205_78_1,Yes
2856205_78_2,Yes
2856614_71_1,Yes
2856614_71_2,No
2879167_39_1,Yes
2879167_39_2,No
2879185_27_1,Yes
2879185_27_2,No
2879218_70_1,Yes
2879218_70_2,No
2879242_61_1,Yes
2879242_61_2,Yes
2894376_13_1,No
2894783_32_1,No
2894783_32_2,No
2894825_52_1,No
2894825_52_2,No
2894845_58_1,No
2894845_58_2,Yes
2894869_50_1,Yes
2894869_50_2,Yes
2894872_74_1,Yes
2894872_74_2,No
2895004_27_1,Yes
2895004_27_2,Yes
2895049_24_1,Yes
2895097_49_1,Yes
2895097_49_2,No
2895106_109_1,No
2898666_60_1,Yes
2898666_60_2,No
2898670_106_1,No
2898670_106_2,No
2898670_114_1,Yes
2898670_114_2,No
2898670_27_1,No
2898670_27_2,No
2898671_110_1,No
2898671_110_2,Yes
2898683_32_1,Yes
2898683_32_2,Yes
2898683_72_1,Yes
2898683_72_2,Yes
2898695_31_1,Yes
2898695_31_2,Yes
2898719_80_1,Yes
2898719_80_2,No
2898733_18_1,No
2898733_18_2,Yes
2898754_37_1,Yes
2898754_37_2,No
2900612_47_1,No
2900612_47_2,No
2900622_138_1,No
2900622_138_2,No
2900622_172_1,No
2900622_172_2,No
2900622_55_1,Yes
2900622_55_2,Yes
2900642_15_1,Yes
2900642_15_2,Yes
2900864_55_1,No
2900864_55_2,No
2900916_26_1,No
2900916_26_2,No
2900983_52_1,Yes
2900983_52_2,Yes
2901013_26_1,No
2901013_26_2,Yes
2901019_23_1,No
2913327_21_2,No
2915943_61_1,No
2915969_42_1,Yes
2915969_42_2,Yes
2915991_50_1,No
2916152_31_1,Yes
2916152_31_2,No
2916162_68_1,Yes
2916162_68_2,No
2916172_42_1,No
2916172_42_2,Yes
2916237_15_1,Yes
2916237_15_2,Yes
2916282_36_1,Yes
2916282_36_2,Yes
2916342_42_1,Yes
2916342_42_2,No
2916344_10_1,Yes
2916344_10_2,Yes
2916344_54_1,Yes
2916359_55_1,Yes
2916359_55_2,No
2916378_26_1,Yes
2916378_26_2,No
2916378_34_1,Yes
2916378_34_2,No
2916378_53_2,No
2916421_82_1,No
2916421_82_2,No
2925409_8_1,Yes
2925409_8_2,Yes
2927448_42_1,Yes
2927448_42_2,No
2927452_96_1,No
2927452_96_2,No
2927455_68_1,No
2927455_68_2,No
2927490_31_2,Yes
2927517_92_1,No
2927517_92_2,No
2927541_87_1,Yes
2927541_87_2,No
2927561_29_1,Yes
2927561_29_2,No
2927785_18_1,No
2927839_43_1,No
2927839_43_2,Yes
2927864_39_1,No
2927864_39_2,Yes
2927872_25_1,No
2927872_25_2,No
2928067_33_1,Yes
2928092_30_1,No
2928092_30_2,No
2928093_30_1,No
2928093_30_2,Yes
2928098_8_1,Yes
2928128_44_1,Yes
2928128_44_2,No
2928165_103_1,Yes
2928165_103_2,Yes
2928211_32_1,Yes
2928211_32_2,No
2928271_69_1,No
2928271_69_2,No
2928284_79_1,Yes
2928305_68_1,No
2928305_68_2,Yes
2928499_27_1,No
2928499_27_2,Yes
2928505_92_2,No
2928525_123_1,No
2928525_123_2,No
2928562_34_1,Yes
2928562_34_2,No
2928562_46_1,Yes
2928562_46_2,No
2928581_76_1,Yes
2928581_76_2,No
2928581_83_1,Yes
2928611_98_1,No
2928611_98_2,Yes
2928616_32_1,Yes
2928616_32_2,Yes
2928616_51_1,Yes
2928616_65_1,Yes
2928702_46_2,Yes
2928732_9_1,No
2928755_98_1,Yes
2928762_61_1,No
2928762_61_2,Yes
2928821_50_1,Yes
2928821_50_2,No
2928821_58_1,No
2928821_58_2,No
2928821_90_1,Yes
2928821_90_2,No
2939685_28_1,Yes
2939685_28_2,Yes
2939698_45_1,Yes
2939698_45_2,No
2939723_30_1,Yes
2939723_30_2,No
2939723_40_1,Yes
2939723_40_2,Yes
2939739_29_1,Yes
2939739_29_2,Yes
2939739_38_1,No
2939739_38_2,Yes
2939739_66_1,Yes
2939739_66_2,Yes
2939743_75_1,No
2939743_75_2,Yes
2939758_51_1,Yes
2939762_17_1,Yes
2939762_17_2,Yes
2939765_51_1,Yes
2939765_51_2,No
2939780_38_1,Yes
2939780_38_2,Yes
2945235_65_1,Yes
2945235_65_2,Yes
2948358_36_1,No
2948358_36_2,Yes
2948543_44_2,No
2948565_53_1,Yes
2948565_53_2,Yes
2948932_5_1,Yes
2948958_54_1,Yes
2948958_54_2,Yes
2948958_72_1,Yes
2948958_72_2,Yes
2949040_19_1,Yes
2949040_19_2,No
2949046_15_1,No
2949241_28_1,Yes
2949241_28_2,Yes
2949261_68_1,No
2949261_68_2,No
2949283_58_1,Yes
2949283_58_2,Yes
2949288_58_1,Yes
2949295_112_2,No
2949295_131_1,No
2949295_131_2,No
2949298_23_1,No
2949298_23_2,No
2949298_58_1,No
2949298_58_2,Yes
2949305_37_1,Yes
2949305_37_2,Yes
2949308_17_1,No
2949308_17_2,No
2949335_49_1,Yes
2949335_49_2,No
2949358_89_2,No
2949365_49_2,No
2949390_49_1,Yes
2949390_49_2,Yes
2949400_25_1,Yes
2949400_25_2,Yes
2950026_38_1,Yes
2950026_38_2,No
2950026_44_1,Yes
2950026_44_2,Yes
2950057_118_2,Yes
2950057_78_1,No
2950057_78_2,No
2950088_75_1,No
2950088_75_2,Yes
2950113_51_1,No
2950113_51_2,No
2950220_40_1,Yes
2950220_40_2,No
2950220_90_1,Yes
2950220_90_2,Yes
2950391_35_1,Yes
2950391_35_2,Yes
2950893_9_1,Yes
2950893_9_2,No
2951077_27_1,Yes
2951077_27_2,No
2951077_78_1,Yes
2951077_78_2,Yes
2951109_58_1,Yes
2951109_58_2,Yes
2951125_71_1,No
2951125_93_1,Yes
2951125_93_2,Yes
2951129_14_1,Yes
2951129_14_2,Yes
2961262_40_1,No
2961262_40_2,Yes
2962429_51_1,No
2962517_47_1,Yes
2962517_47_2,Yes
2962890_17_1,Yes
2962890_17_2,No
2962890_20_1,No
2962890_43_1,No
2962890_43_2,No
2963009_28_1,No
2963009_28_2,No
2963055_17_1,Yes
2963055_17_2,No
2963055_68_1,No
2963055_68_2,No
2963376_36_1,No
2963388_49_1,No
2963388_49_2,Yes
2963511_36_1,No
2963511_36_2,Yes
2963551_25_2,Yes
2963615_57_1,No
2963615_57_2,Yes
2963623_41_1,Yes
2963623_41_2,Yes
2963625_105_1,Yes
2963625_105_2,No
2963625_14_1,Yes
2963625_14_2,Yes
2963625_147_1,Yes
2963625_147_2,No
2963625_76_1,Yes
2963625_76_2,Yes
2963643_58_1,Yes
2963643_58_2,Yes
2963654_50_1,Yes
2963654_50_2,No
2963668_44_1,No
2963668_44_2,No
2963710_103_2,Yes
2963782_110_1,Yes
2963782_110_2,No
2963785_62_1,Yes
2963785_62_2,Yes
2963788_93_1,No
2963788_93_2,Yes
2963794_65_1,Yes
2963794_65_2,No
2963906_33_1,Yes
2963992_22_1,Yes
2963992_22_2,Yes
2963999_25_1,Yes
2963999_25_2,Yes
2964037_68_1,No
2964037_68_2,No
2964037_7_1,Yes
2964037_7_2,No
2964076_43_2,No
2964109_39_1,No
2964109_39_2,Yes
2964114_96_1,Yes
2964114_96_2,No
2976728_100_2,No
2979259_24_2,Yes
2979589_63_1,Yes
2979589_63_2,No
2979598_73_1,Yes
2979941_57_1,Yes
2979941_57_2,Yes
2979950_101_1,Yes
2979950_101_2,No
2979950_43_1,Yes
2979950_43_2,No
2979976_25_1,Yes
2979976_52_1,Yes
2979976_75_1,No
2979976_75_2,Yes
2979999_58_1,Yes
2980217_21_1,No
2980217_21_2,Yes
2980217_66_1,No
2980217_66_2,Yes
2980322_125_2,No
2980373_13_1,Yes
2980373_13_2,Yes
2982313_60_1,Yes
2989226_2_2,No
2989227_17_1,No
2989227_17_2,No
2989231_74_1,Yes
2989231_74_2,No
2989406_98_1,Yes
2989406_98_2,No
2989417_116_1,No
2989417_116_2,No
2989421_38_1,Yes
2989421_38_2,No
2989456_162_1,Yes
2989456_162_2,No
2989485_22_1,No
2989485_22_2,Yes
2989508_39_1,Yes
2989508_39_2,No
2989508_51_1,Yes
2989508_51_2,Yes
2990115_54_1,Yes
2990115_54_2,Yes
2990115_85_2,Yes
3978685_37_2,No
3981151_9_1,Yes
3981151_9_2,No
3981486_67_1,Yes
3981486_67_2,No
3981863_38_1,No
3981863_38_2,Yes
3982385_33_1,Yes
3982385_33_2,Yes
3982583_62_1,Yes
3982583_62_2,Yes
3983473_16_2,Yes
4012809_66_1,Yes
4012809_66_2,Yes
4012844_44_2,No
4013361_43_1,No
4013361_43_2,No
4013993_24_2,Yes
4014119_8_1,Yes
4014119_8_2,Yes
4014122_28_2,Yes
4014122_51_1,Yes
4014122_51_2,No
4014411_6_1,Yes
4014411_6_2,Yes
4014470_14_1,No
4014470_14_2,Yes
4015974_13_1,Yes
4015974_13_2,Yes
4016227_17_1,No
4016227_17_2,Yes
4017173_67_1,Yes
4017173_67_2,No
4052914_18_1,No
4052914_18_2,No
4053713_13_1,Yes
4053713_13_2,Yes
4054193_63_1,Yes
4054193_63_2,No
4054327_50_1,Yes
4054327_50_2,Yes
4054582_82_1,Yes
4054582_82_2,No
4054686_22_1,No
4054686_22_2,Yes
4054686_35_1,No
4054686_48_1,No
4054686_48_2,Yes
4054746_7_1,Yes
4054746_7_2,No
4054798_68_1,No
4054798_68_2,No
4055222_35_1,Yes
4055222_35_2,Yes
4055224_113_2,No
4055259_90_1,No
4055259_90_2,Yes
4055570_209_2,Yes
4055585_10_1,Yes
4055585_10_2,Yes
4055603_103_1,No
4055603_103_2,No
4055603_15_1,No
4055603_15_2,No
4055603_31_1,No
4055603_31_2,Yes
4055603_45_1,No
4055603_45_2,No
4055638_29_1,Yes
4055639_56_1,No
4055639_56_2,No
4056213_24_1,No
4071501_53_1,No
4071501_53_2,No
4078014_39_1,No
4078014_39_2,No
4079053_56_1,No
4079053_56_2,No
4104575_59_2,No
4104667_21_1,Yes
4104703_80_1,No
4104703_80_2,No
4104715_77_1,No
4104715_77_2,No
4104715_98_1,No
4104715_98_2,No
4105122_38_1,Yes
4105122_38_2,No
4106180_65_1,Yes
4106180_65_2,No
4106180_79_1,No
4106180_79_2,No
4106600_32_1,Yes
4106600_32_2,Yes
4106660_25_1,No
4106660_25_2,No
4106734_113_1,No
4106734_113_2,Yes
4106739_76_1,No
4106739_76_2,Yes
4109090_51_1,Yes
4109090_51_2,Yes
4109111_15_1,No
4109111_15_2,Yes
4110409_27_1,No
4110409_27_2,No
4110409_42_1,No
4110409_42_2,No
4110423_27_1,No
4110589_12_1,Yes
4110589_61_1,Yes
4110589_61_2,Yes
4110653_19_1,No
4110653_19_2,No
4110653_56_1,No
4110653_56_2,No
4110653_70_1,No
4110653_70_2,No
4111481_50_1,No
4111720_30_1,Yes
4111720_30_2,No
4111720_63_1,Yes
4111720_63_2,No
4111720_8_1,Yes
4111721_76_1,No
4111721_76_2,No
4111721_89_2,No
4111828_8_1,No
4111828_8_2,Yes
4113439_21_1,No
4113439_21_2,No
4114606_89_1,No
4114606_89_2,No
4134490_35_1,No
4134490_35_2,No
4134665_64_1,No
4134665_64_2,No
4134665_71_1,No
4134665_71_2,Yes
4136413_50_1,Yes
4136413_50_2,No
4136413_98_1,No
4136413_98_2,No
4138450_23_2,Yes
4138548_19_1,No
4138548_19_2,No
4138677_40_1,No
4138769_45_1,No
4138769_45_2,Yes
4139067_72_1,Yes
4139067_72_2,No
4140692_15_1,No
4140692_15_2,No
4141276_34_1,No
4141276_34_2,Yes
4144916_113_1,No
4144916_113_2,No
4145096_55_1,No
4145096_55_2,Yes
4168516_19_1,No
4168829_47_1,No
4168829_47_2,Yes
4169950_31_1,Yes
4169950_31_2,No
4169995_30_1,Yes
4169995_30_2,Yes
4173639_26_1,Yes
4173639_26_2,Yes
4174334_62_1,No
4174334_62_2,No
4174334_65_1,Yes
4174334_65_2,No
4176036_21_1,No
4176036_21_2,No
4176036_35_1,No
4176036_35_2,No
4177924_72_1,Yes
4177924_72_2,No
4233171_67_1,Yes
4233171_67_2,Yes
4233340_58_1,Yes
4233340_58_2,Yes
4236544_59_1,Yes
4236544_59_2,Yes
4247191_37_1,No
4247191_37_2,Yes
4247410_101_1,Yes
4247410_101_2,Yes
4248691_51_1,No
4248691_51_2,No
4249946_42_1,No
4249946_42_2,No
4250127_28_1,No
4250127_28_2,No
4250131_122_1,No
4250131_122_2,Yes
4250131_63_1,No
4250131_63_2,No
4251632_39_1,Yes
4251632_39_2,No
4251976_20_1,Yes
4253239_46_1,Yes
4253239_46_2,Yes
4253946_62_1,No
4253946_62_2,No
4256694_6_1,No
4256694_6_2,No
4257656_59_1,No
4257656_59_2,No
4258634_19_1,No
4259825_31_1,Yes
4259825_31_2,No
4261380_15_1,Yes
4261380_15_2,Yes
4273168_71_1,No
4273168_71_2,No
4273568_173_1,Yes
4274038_74_1,No
4274038_74_2,No
4274213_164_1,Yes
4274213_164_2,Yes
4288776_44_1,Yes
4288776_44_2,Yes
4288819_9_1,Yes
4288819_9_2,No
4289415_22_2,No
4289668_27_1,Yes
4289668_27_2,No
4290454_38_1,No
4290454_38_2,Yes
4293213_83_1,No
4293213_83_2,No
4293222_6_1,No
4293222_6_2,Yes
4293480_89_2,Yes
4294482_65_1,Yes
4294482_65_2,No
4294482_89_1,Yes
4294482_89_2,No
4294755_60_1,No
4294755_60_2,Yes
4294762_110_1,No
4294762_110_2,Yes
4295637_66_1,No
4295637_66_2,No
4295762_17_1,No
4295762_17_2,Yes
4295762_26_1,No
4295762_26_2,No
4296165_23_1,No
4296165_23_2,Yes
4296261_23_1,No
4296261_23_2,No
4296295_38_1,Yes
4296295_38_2,No
4297343_63_1,No
4297343_78_2,Yes
5000001_3,No
5000002_2,No
5000002_3,No
5000002_4,No
5000003_3,No
5000003_5,No
5000004_2,No
5000005_2,No
5000005_3,No
5000006_1,No
5000006_2,No
5000006_3,Yes
5000007_1,No
5000007_2,No
5000007_3,No
5000007_5,No
5000008_2,No
5000008_5,No
5000009_4,No
5000009_5,No
5000010_1,No
5000010_2,No
5000010_3,No
5000010_4,No
5000011_3,No
5000011_5,No
5000012_1,No
5000012_3,Yes
5000013_1,No
5000013_4,Yes
5000014_1,Yes
5000015_2,No
5000016_2,No
5000016_3,No
5000016_5,No
5000017_4,Yes
5000018_1,No
5000018_2,No
5000019_2,No
5000019_4,No
5000020_5,No
5000021_2,No
5000021_3,Yes
5000022_2,No
5000023_1,No
5000023_3,No
5000024_5,No
5000025_2,Yes
5000025_4,No
5000025_5,No
5000026_2,No
5000026_3,No
5000026_4,No
5000027_1,Yes
5000027_5,No
5000028_1,No
5000028_4,No
5000028_5,No
5000029_1,No
5000029_3,Yes
5000029_5,No
5000030_1,No
5000033_5,No
5000035_1,No
5000035_2,No
5000035_4,No
5000036_3,Yes
5000036_5,No
5000037_1,No
5000038_3,No
5000039_2,No
5000040_2,No
5000040_4,No
5000041_4,Yes
5000042_1,No
5000042_2,Yes
5000043_3,No
5000044_2,No
5000044_5,Yes
5000045_4,No
5000045_5,No
5000046_1,No
5000046_2,No
5000047_1,No
5000047_2,No
5000047_4,No
5000048_1,No
5000048_3,No
5000048_5,No
5000049_1,No
5000049_2,No
5000049_3,No
5000050_2,No
5000050_4,No
5000051_3,No
5000052_1,No
5000052_3,No
5000053_2,No
5000053_3,No
5000053_4,No
5000054_2,No
5000054_5,No
5000055_2,Yes
5000055_4,No
5000055_5,No
5000056_1,No
5000056_4,Yes
5000056_5,Yes
5000057_3,Yes
5000058_1,No
5000059_1,Yes
5000059_2,Yes
5000060_2,No
5000061_2,No
5000061_3,No
5000062_3,No
5000064_1,No
5000064_2,No
5000064_4,No
5000065_2,No
5000065_3,No
5000066_2,Yes
5000066_5,No
5000067_1,Yes
5000067_2,Yes
5000068_1,No
5000068_5,No
5000069_1,No
5000070_5,Yes
5000071_3,No
5000071_4,No
5000071_5,No
5000072_4,No
5000073_3,No
5000074_3,No
5000074_5,Yes
5000075_4,Yes
5000076_4,No
5000077_2,Yes
5000078_4,No
5000078_5,No
5000079_5,No
5000080_4,Yes
5000081_2,No
5000082_2,No
5000082_5,No
5000083_2,No
5000083_5,No
5000084_1,No
5000084_2,No
5000084_3,No
5000086_3,No
5000086_5,No
5000087_2,No
5000087_4,No
5000088_2,No
5000088_4,No
5000089_2,No
5000089_3,No
5000089_4,No
5000090_4,No
5000091_4,No
5000092_2,No
5000094_2,Yes
5000094_4,No
5000096_4,No
5000097_1,No
5000097_5,No
5000098_3,No
5000099_3,No
5000099_4,No
5000100_2,No
5000101_1,No
5000101_4,No
5000102_1,Yes
5000102_4,No
5000102_5,Yes
5000103_1,Yes
5000103_2,No
5000104_1,No
5000104_5,No
5000105_4,No
5000106_2,No
5000106_5,No
5000107_4,No
5000107_5,No
5000108_5,No
5000110_2,No
5000111_3,Yes
5000111_5,No
5000112_2,No
5000112_5,No
5000113_3,No
5000113_4,No
5000114_1,No
5000114_4,No
5000115_1,No
5000115_4,No
5000116_4,No
5000116_5,No
5000117_1,No
5000117_5,No
5000118_4,No
5000119_2,No
5000119_4,Yes
5000120_1,No
5000120_2,No
5000121_5,No
5000122_1,Yes
5000122_4,No
5000122_5,No
5000123_1,No
5000123_2,No
5000123_3,No
5000124_3,Yes
5000124_4,No
5000124_5,No
5000125_2,No
5000125_3,No
5000126_4,No
5000126_5,Yes
5000127_2,No
5000127_4,No
5000128_3,No
5000129_2,No
5000130_1,Yes
5000130_3,Yes
5000131_3,No
5000131_5,No
5000132_1,No
5000132_3,Yes
5000132_5,Yes
5000133_2,Yes
5000133_3,No
5000134_3,No
5000135_2,No
5000135_3,No
5000135_5,No
5000137_1,Yes
5000137_2,No
5000138_1,No
5000138_5,Yes
5000139_2,No
5000139_4,No
5000140_3,No
5000140_4,No
5000141_1,No
5000141_2,No
5000141_5,No
5000142_3,Yes
5000143_2,Yes
5000143_3,No
5000144_3,No
5000144_5,No
5000145_4,No
5000146_1,Yes
5000147_2,No
5000147_3,No
5000147_5,No
5000148_1,No
5000148_2,No
5000148_5,No
5000149_2,No
5000149_4,No
5000150_1,No
5000151_3,No
5000152_3,No
5000153_5,No
5000154_1,No
5000154_2,No
5000154_3,No
5000155_3,Yes
5000155_4,Yes
5000156_2,No
5000156_3,No
5000156_5,Yes
5000157_1,No
5000157_4,Yes
5000158_3,No
5000159_4,Yes
5000159_5,No
5000161_1,No
5000162_4,No
5000163_4,No
5000163_5,No
5000164_1,No
5000164_3,No
5000165_1,No
5000165_3,Yes
5000166_2,No
5000166_3,No
5000166_4,No
5000167_1,No
5000168_2,No
5000168_4,No
5000169_1,No
5000169_5,No
5000170_3,Yes
5000170_4,No
5000171_2,Yes
5000171_5,No
5000172_1,No
5000173_2,No
5000173_3,No
5000174_3,No
5000174_5,No
5000175_1,Yes
5000175_3,No
5000175_4,No
5000176_4,No
5000177_4,No
5000178_4,No
5000179_1,No
5000179_5,Yes
5000180_4,No
5000180_5,No
5000181_1,No
5000181_2,Yes
5000182_1,No
5000182_2,No
5000183_1,No
5000185_1,No
5000186_1,Yes
5000186_2,No
5000187_4,No
5000188_1,No
5000188_3,No
5000190_3,No
5000191_2,Yes
5000191_4,No
5000192_2,No
5000192_3,Yes
5000192_4,No
5000193_4,Yes
5000193_5,No
5000194_1,No
5000194_5,No
5000195_1,No
5000195_3,No
5000195_4,No
5000196_1,No
5000196_2,No
5000197_4,No
5000198_1,No
5000199_1,Yes
5000199_4,No
5000200_5,No
5000201_3,Yes
5000201_5,Yes
5000202_3,Yes
5000203_1,No
5000203_2,No
5000204_3,No
5000205_5,No
5000206_3,No
5000207_1,Yes
5000207_2,No
5000207_4,No
5000207_5,No
5000208_3,No
5000208_5,No
5000209_1,No
5000209_4,No
5000210_1,No
5000210_4,Yes
5000210_5,No
5000211_1,No
5000211_2,No
5000211_3,Yes
5000211_5,No
5000212_1,No
5000212_2,Yes
5000212_3,No
5000212_5,No
5000213_3,Yes
5000213_5,No
5000214_4,No
5000214_5,No
5000215_1,No
5000215_5,No
5000216_3,No
5000216_4,No
5000218_3,No
5000218_4,No
5000219_3,No
5000220_1,Yes
5000220_2,Yes
5000221_1,No
5000221_4,No
5000222_4,No
5000222_5,No
5000223_1,Yes
5000223_3,No
5000224_1,No
5000224_2,No
5000225_5,Yes
5000226_5,No
5000227_1,Yes
5000228_4,No
5000229_3,No
5000229_4,Yes
5000230_2,Yes
5000230_3,No
5000231_1,No
5000231_3,No
5000232_1,Yes
5000232_2,No
5000232_4,No
5000232_5,No
5000234_4,Yes
5000234_5,No
5000235_2,No
5000236_1,No
5000236_2,No
5000236_4,No
5000236_5,No
5000237_4,No
5000237_5,No
5000238_2,Yes
5000238_3,No
5000239_3,No
5000240_1,No
5000240_4,No
5000241_3,No
5000241_5,No
5000242_1,No
5000242_2,No
5000242_3,No
5000243_1,No
5000243_2,No
5000243_3,No
5000245_2,No
5000246_3,Yes
5000246_4,Yes
5000246_5,No
5000248_3,No
5000248_5,No
5000250_1,No
5000252_4,Yes
5000253_1,No
5000254_1,No
5000254_4,No
5000254_5,No
5000255_2,No
5000256_3,No
5000256_5,Yes
5000257_1,No
5000257_3,No
5000257_4,No
5000258_5,No
5000259_5,Yes
5000260_4,No
5000261_1,No
5000261_4,No
5000262_4,No
5000262_5,No
5000263_2,No
5000264_2,No
5000264_3,No
5000264_5,No
5000265_1,No
5000265_4,No
5000266_1,No
5000266_3,No
5000266_4,No
5000267_2,No
5000267_3,No
5000268_1,No
5000268_4,No
5000268_5,No
5000269_1,No
5000269_3,Yes
5000269_4,No
5000270_4,No
5000271_1,No
5000271_2,No
5000272_3,No
5000273_1,No
5000274_3,No
5000274_4,No
5000275_1,No
5000275_4,No
5000276_1,No
5000276_4,No
5000277_3,Yes
5000277_4,Yes
5000278_4,No
5000278_5,No
5000279_1,No
5000279_3,Yes
5000280_1,No
5000281_2,No
5000282_3,No
5000282_4,Yes
5000282_5,No
5000283_1,No
5000283_4,No
5000284_2,No
5000284_3,No
5000285_1,No
5000285_2,No
5000285_3,No
5000286_5,Yes
5000287_3,Yes
5000287_4,No
5000288_3,No
5000288_5,No
5000289_1,No
5000290_4,No
5000290_5,No
5000291_1,No
5000292_1,No
5000292_2,Yes
5000292_3,Yes
5000293_4,No
5000296_1,No
5000296_2,No
5000296_5,No
5000297_1,No
5000297_5,No
5000298_1,No
5000298_2,No
5000298_3,No
5000299_1,No
5000299_5,No
5000300_2,No
5000300_4,No
5000301_3,Yes
5000302_1,No
5000303_2,No
5000303_3,No
5000304_2,Yes
5000304_5,No
5000305_2,No
5000306_4,No
5000306_5,No
5000307_1,No
5000307_2,No
5000307_4,Yes
5000308_1,No
5000308_2,No
5000308_5,No
5000309_1,No
5000309_2,No
5000310_2,No
5000310_5,No
5000311_1,No
5000311_3,No
5000311_4,No
5000313_3,No
5000314_1,No
5000314_2,No
5000314_3,No
5000314_5,No
5000315_2,No
5000315_3,No
5000315_5,No
5000316_1,No
5000316_2,No
5000317_3,No
5000318_1,No
5000318_3,No
5000318_5,No
5000319_2,No
5000319_3,No
5000319_5,No
5000320_4,No
5000321_2,No
5000321_4,No
5000321_5,No
5000322_5,No
5000323_3,Yes
5000323_4,No
5000324_1,No
5000324_4,No
5000325_2,No
5000325_3,Yes
5000326_1,No
5000326_3,No
5000327_1,Yes
5000327_3,No
5000327_4,No
5000328_1,No
5000328_5,No
5000329_3,No
5000330_1,No
5000331_1,No
5000332_4,No
5000332_5,No
5000333_2,Yes
5000333_5,No
5000334_3,No
5000335_2,No
5000335_5,No
5000336_3,No
5000336_5,No
5000337_2,No
5000338_1,No
5000338_4,Yes
5000338_5,No
5000339_3,No
5000339_5,No
5000340_1,No
5000341_3,No
5000341_5,No
5000342_4,No
5000344_1,No
5000344_4,No
5000345_2,No
5000345_3,Yes
5000346_3,No
5000348_5,No
5000349_1,No
5000349_2,No
5000349_3,No
5000350_1,No
5000350_5,No
5000351_1,No
5000352_4,No
5000352_5,No
5000353_1,No
5000353_2,Yes
5000353_3,No
5000354_4,Yes
5000354_5,Yes
5000355_3,No
5000355_5,No
5000356_3,Yes
5000356_4,No
5000356_5,No
5000357_3,Yes
5000357_5,No
5000358_1,No
5000358_2,Yes
5000358_3,No
5000360_2,No
5000360_3,No
5000361_2,No
5000361_3,No
5000361_4,No
5000362_3,No
5000362_5,No
5000363_3,No
5000363_5,No
5000364_2,No
5000364_4,No
5000365_1,No
5000365_3,No
5000366_2,No
5000366_5,No
5000367_3,No
5000368_1,No
5000368_3,No
5000369_2,No
5000370_2,No
5000371_1,Yes
5000371_3,Yes
5000372_1,No
5000372_3,No
5000373_2,Yes
5000374_1,Yes
5000374_2,No
5000374_4,No
5000375_3,No
5000375_4,No
5000376_4,No
5000377_1,No
5000378_2,No
5000378_3,No
5000379_1,No
5000379_2,No
5000379_3,No
5000380_2,No
5000380_4,No
5000380_5,No
5000381_2,No
5000381_4,No
5000381_5,No
5000382_1,Yes
5000382_2,Yes
5000382_3,No
5000383_1,No
5000383_4,No
5000386_1,No
5000386_2,No
5000386_4,Yes
5000388_2,Yes
5000388_4,No
5000388_5,No
5000389_1,No
5000389_2,No
5000389_5,No
5000390_2,No
5000390_4,No
5000390_5,No
5000391_2,No
5000391_5,Yes
5000392_3,No
5000392_5,No
5000394_1,No
5000394_4,No
5000394_5,No
5000395_1,No
5000395_4,No
5000396_2,No
5000396_5,No
5000398_1,No
5000398_3,No
5000399_2,No
5000400_2,No
5000400_3,No
5000400_4,No
5000401_3,Yes
5000402_5,No
5000403_1,No
5000403_3,No
5000403_4,No
5000403_5,No
5000404_3,No
5000405_3,No
5000405_4,Yes
5000406_5,No
5000407_3,Yes
5000408_3,No
5000408_5,No
5000409_2,No
5000409_5,No
5000410_2,No
5000410_3,No
5000411_4,No
5000411_5,No
5000412_1,No
5000412_2,No
5000412_3,No
5000413_1,No
5000413_3,No
5000413_5,No
5000414_2,No
5000414_5,No
5000415_1,No
5000415_2,No
5000415_4,No
5000416_1,No
5000416_4,No
5000417_4,No
5000417_5,Yes
5000418_2,No
5000419_1,No
5000419_3,No
5000420_5,No
5000421_2,No
5000421_4,No
5000422_2,No
5000422_3,Yes
5000422_5,No
5000424_1,No
5000425_2,No
5000425_4,No
5000426_1,Yes
5000426_2,No
5000426_4,No
5000426_5,No
5000427_3,No
5000428_4,Yes
5000428_5,No
5000430_2,No
5000430_3,No
5000430_4,No
5000430_5,No
5000431_3,No
5000431_4,No
5000432_5,No
5000433_5,Yes
5000434_3,No
5000435_5,No
5000436_1,Yes
5000436_3,No
5000436_4,No
5000438_1,No
5000438_3,No
5000438_5,No
5000439_2,No
5000439_4,No
5000439_5,No
5000440_2,No
5000441_1,No
5000441_5,No
5000442_4,No
5000442_5,Yes
5000443_1,No
5000443_5,No
5000444_2,No
5000444_4,No
5000444_5,No
5000445_1,No
5000445_2,No
5000445_3,No
5000446_5,No
5000447_5,Yes
5000448_1,No
5000448_2,No
5000448_3,No
5000449_1,No
5000450_1,No
5000450_3,No
5000450_5,No
5000451_1,No
5000451_4,No
5000453_1,No
5000453_5,Yes
5000454_3,No
5000454_4,No
5000455_3,No
5000456_2,No
5000456_3,No
5000456_5,No
5000457_1,No
5000457_2,No
5000457_3,No
5000458_4,No
5000458_5,No
5000459_2,No
5000459_5,No
5000460_5,Yes
5000461_3,No
5000461_4,No
5000462_1,No
5000462_5,No
5000463_2,No
5000463_5,Yes
5000464_1,No
5000464_3,No
5000464_4,Yes
5000465_2,No
5000465_4,No
5000466_5,Yes
5000467_1,No
5000467_3,No
5000467_4,No
5000468_3,Yes
5000470_1,No
5000470_4,Yes
5000471_5,Yes
5000472_1,No
5000472_2,Yes
5000474_3,No
5000475_1,No
5000475_5,No
5000476_4,Yes
5000476_5,No
5000477_3,No
5000478_1,No
5000478_4,No
5000479_3,No
5000479_4,No
5000479_5,No
5000480_1,No
5000480_2,No
5000482_1,No
5000482_2,No
5000482_4,No
5000483_1,No
5000483_2,No
5000483_5,No
5000484_3,No
5000485_1,No
5000485_4,No
5000485_5,No
5000486_2,No
5000486_4,No
5000487_2,No
5000488_5,No
5000489_3,No
5000489_4,No
5000490_1,No
5000490_5,No
5000491_3,No
5000491_5,No
5000492_2,No
5000492_3,No
5000493_2,No
5000494_3,No
5000494_4,No
5000495_4,No
5000496_2,No
5000496_4,No
5000497_1,No
5000497_2,No
5000497_3,No
5000498_2,No
5000498_5,No
5000499_1,No
5000499_3,No
5000499_4,No
5000500_4,No
5000501_4,Yes
5000502_3,Yes
5000503_1,Yes
5000504_2,No
5000504_3,No
5000505_1,No
5000505_2,No
5000506_2,No
5000506_5,No
5000508_2,Yes
5000508_3,No
5000508_4,No
5000509_2,No
5000510_2,No
5000510_4,No
5000511_4,No
5000511_5,Yes
5000512_1,Yes
5000512_3,No
5000513_1,No
5000513_4,No
5000513_5,No
5000514_2,No
5000515_4,Yes
5000515_5,Yes
5000516_1,Yes
5000517_1,No
5000517_2,No
5000518_4,Yes
5000518_5,Yes
5000519_1,No
5000520_2,No
5000520_5,No
5000521_1,No
5000521_2,Yes
5000522_1,No
5000522_3,No
5000523_1,No
5000523_2,Yes
5000523_3,No
5000524_4,No
5000524_5,No
5000525_4,No
5000526_1,No
5000526_4,Yes
5000526_5,No
5000527_1,Yes
5000527_2,No
5000527_5,Yes
5000528_3,No
5000529_3,No
5000529_5,No
5000530_1,No
5000530_4,No
5000531_1,No
5000531_4,No
5000531_5,No
5000532_3,Yes
5000532_5,No
5000533_2,No
5000533_4,No
5000534_4,No
5000535_1,No
5000535_3,No
5000535_5,No
5000536_1,No
5000536_3,No
5000536_5,Yes
5000537_1,No
5000538_3,No
5000538_5,No
5000539_1,Yes
5000539_2,No
5000540_3,No
5000541_1,No
5000541_2,No
5000541_3,No
5000542_2,No
5000543_3,No
5000544_1,No
5000544_3,No
5000544_5,No
5000545_3,No
5000546_3,No
5000546_5,No
5000547_1,No
5000548_2,No
5000548_4,No
5000548_5,No
5000549_1,No
5000549_3,No
5000549_4,Yes
5000550_1,Yes
5000550_5,No
5000551_2,No
5000551_5,No
5000552_3,No
5000552_4,No
5000553_1,No
5000553_2,No
5000553_3,No
5000554_3,No
5000555_4,No
5000556_3,No
5000556_4,No
5000557_1,No
5000557_3,No
5000557_5,No
5000558_1,Yes
5000558_3,No
5000559_3,No
5000559_5,No
5000560_2,No
5000561_4,No
5000561_5,Yes
5000562_2,No
5000562_3,No
5000563_5,Yes
5000564_2,No
5000565_2,No
5000565_4,No
5000566_2,No
5000567_2,No
5000567_3,No
5000567_4,No
5000568_2,No
5000569_4,No
5000569_5,No
5000570_2,No
5000571_1,Yes
5000571_5,No
5000572_2,No
5000572_3,No
5000572_4,No
5000573_1,Yes
5000574_3,Yes
5000574_4,No
5000576_3,No
5000577_1,No
5000577_3,No
5000578_2,Yes
5000578_4,No
5000578_5,No
5000579_3,No
5000579_5,No
5000580_2,No
5000580_3,No
5000580_5,No
5000581_2,Yes
5000581_4,No
5000582_1,Yes
5000582_2,No
5000582_4,No
5000582_5,No
5000583_1,No
5000583_2,Yes
5000583_5,No
5000584_4,No
5000585_3,Yes
5000585_4,No
5000585_5,No
5000586_3,Yes
5000586_4,No
5000587_1,No
5000587_2,No
5000587_3,No
5000587_5,No
5000588_1,No
5000588_2,No
5000589_1,No
5000589_4,No
5000590_1,Yes
5000590_4,No
5000591_3,No
5000591_5,No
5000592_2,No
5000594_2,No
5000594_4,No
5000594_5,Yes
5000595_1,Yes
5000595_2,No
5000595_5,Yes
5000596_3,No
5000596_5,No
5000597_2,Yes
5000597_5,No
5000598_1,No
5000598_4,No
5000599_1,No
5000599_4,No
5000600_1,Yes
5000600_5,No
5000601_2,Yes
5000601_4,No
5000601_5,No
5000602_1,No
5000602_4,Yes
5000603_3,No
5000604_1,No
5000604_2,No
5000605_3,Yes
5000605_5,No
5000606_1,No
5000606_2,No
5000606_3,No
5000607_5,No
5000608_2,No
5000608_5,No
5000609_2,No
5000609_5,No
5000610_4,Yes
5000611_3,No
5000611_5,No
5000612_1,No
5000612_3,Yes
5000612_4,No
5000612_5,No
5000613_2,No
5000613_4,No
5000614_1,No
5000614_4,No
5000614_5,No
5000616_2,No
5000616_4,No
5000616_5,No
5000617_1,Yes
5000618_1,No
5000618_2,No
5000618_5,No
5000619_5,No
5000620_3,No
5000620_4,No
5000621_4,No
5000622_1,No
5000622_2,No
5000622_4,No
5000623_1,Yes
5000623_2,No
5000623_5,No
5000624_1,No
5000624_4,No
5000625_4,No
5000627_1,No
5000628_2,No
5000629_1,No
5000629_5,No
5000630_2,Yes
5000630_4,No
5000631_1,Yes
5000631_4,No
5000631_5,No
5000632_3,No
5000632_4,Yes
5000632_5,Yes
5000633_5,No
5000634_2,No
5000634_3,No
5000634_5,No
5000635_2,No
5000635_4,No
5000636_1,Yes
5000636_2,No
5000637_1,No
5000637_5,Yes
5000638_2,No
5000639_1,No
5000640_1,No
5000640_2,No
5000640_5,No
5000641_2,No
5000641_4,No
5000642_1,No
5000642_2,No
5000642_4,No
5000643_1,Yes
5000643_2,No
5000644_1,No
5000644_2,No
5000645_2,No
5000645_4,No
5000645_5,No
5000646_1,No
5000646_3,No
5000647_1,No
5000647_2,Yes
5000647_5,No
5000649_1,No
5000649_3,Yes
5000650_2,No
5000651_1,No
5000651_4,No
5000652_3,No
5000653_1,No
5000653_5,Yes
5000654_1,No
5000654_3,No
5000655_2,No
5000655_4,No
5000656_1,No
5000657_1,No
5000657_2,Yes
5000657_4,No
5000659_1,No
5000659_5,No
5000660_1,No
5000660_2,No
5000661_5,No
5000662_3,No
5000662_5,No
5000663_2,Yes
5000663_3,No
5000664_2,No
5000664_3,No
5000665_1,No
5000666_3,No
5000666_4,No
5000666_5,Yes
5000668_2,Yes
5000669_2,No
5000671_1,No
5000671_5,No
5000672_2,No
5000672_4,Yes
5000672_5,No
5000673_4,No
5000674_1,No
5000674_3,No
5000674_4,No
5000675_5,No
5000676_5,Yes
5000678_1,No
5000679_2,No
5000679_5,No
5000680_1,No
5000680_2,No
5000681_5,No
5000682_5,Yes
5000683_2,Yes
5000684_1,No
5000684_4,No
5000685_1,No
5000685_2,No
5000686_2,No
5000686_3,No
5000686_5,No
5000687_3,No
5000687_4,No
5000687_5,No
5000689_2,No
5000689_5,No
5000690_1,No
5000690_2,Yes
5000691_2,No
5000691_5,No
5000692_2,No
5000692_3,No
5000692_4,No
5000694_1,No
5000694_5,Yes
5000695_1,No
5000695_4,No
5000696_3,No
5000696_4,No
5000697_1,No
5000697_2,Yes
5000697_4,No
5000698_1,No
5000698_3,No
5000699_4,No
5000700_1,No
5000700_4,No
5000700_5,No
5000701_1,No
5000701_2,No
5000701_4,No
5000702_3,No
5000702_4,No
5000703_1,No
5000703_2,No
5000703_3,Yes
5000703_5,No
5000704_3,No
5000704_4,Yes
5000705_1,No
5000705_2,No
5000705_5,No
5000706_1,No
5000706_2,Yes
5000707_1,Yes
5000708_2,No
5000708_5,No
5000709_2,No
5000709_4,No
5000710_1,No
5000710_2,No
5000711_2,No
5000712_3,No
5000712_4,No
5000713_2,No
5000713_4,No
5000714_5,No
5000715_1,No
5000715_2,No
5000715_3,No
5000716_3,No
5000716_4,No
5000716_5,No
5000717_1,No
5000717_5,No
5000718_3,Yes
5000720_1,No
5000720_4,No
5000721_1,No
5000722_1,No
5000722_4,No
5000722_5,No
5000723_5,No
5000724_1,No
5000724_4,Yes
5000727_1,Yes
5000727_4,Yes
5000728_1,Yes
5000728_3,No
5000729_2,No
5000729_3,No
5000729_4,No
5000729_5,Yes
5000730_1,No
5000731_1,No
5000731_4,No
5000732_3,No
5000732_5,No
5000733_1,No
5000733_4,No
5000734_1,No
5000734_3,No
5000735_1,No
5000735_2,No
5000735_5,No
5000736_1,No
5000736_3,No
5000736_4,No
5000737_2,No
5000737_5,No
5000738_3,No
5000738_5,No
5000739_4,No
5000740_1,Yes
5000740_2,Yes
5000740_4,Yes
5000741_1,No
5000741_3,No
5000741_4,No
5000742_2,Yes
5000742_3,No
5000742_4,No
5000744_1,No
5000744_2,No
5000744_4,No
5000745_2,No
5000745_3,No
5000746_1,No
5000746_3,No
5000747_1,No
5000747_4,No
5000748_4,Yes
5000748_5,No
5000749_1,Yes
5000749_3,Yes
5000749_4,Yes
5000750_2,No
5000750_3,No
5000751_1,No
5000751_4,No
5000751_5,No
5000752_1,Yes
5000753_2,No
5000753_5,Yes
5000754_2,No
5000754_3,No
5000754_4,No
5000755_2,Yes
5000755_3,Yes
5000756_3,No
5000757_1,Yes
5000757_4,No
5000758_1,No
5000759_3,Yes
5000759_4,Yes
5000760_2,No
5000760_3,Yes
5000760_5,No
5000762_2,No
5000763_1,Yes
5000764_1,No
5000764_2,No
5000764_3,No
5000765_2,No
5000765_4,No
5000766_1,No
5000766_5,No
5000767_3,No
5000768_5,No
5000769_2,No
5000769_4,No
5000770_1,Yes
5000770_2,No
5000771_1,No
5000771_2,No
5000771_4,No
5000772_1,No
5000772_2,No
5000772_5,No
5000773_1,No
5000773_2,Yes
5000773_3,No
5000774_2,No
5000774_4,No
5000775_1,No
5000775_5,No
5000776_3,No
5000776_5,No
5000777_2,No
5000778_1,No
5000778_3,Yes
5000778_5,Yes
5000779_3,No
5000779_5,Yes
5000780_1,Yes
5000780_2,No
5000780_5,Yes
5000781_4,No
5000782_3,No
5000782_4,No
5000784_5,No
5000785_1,No
5000786_1,No
5000786_2,No
5000787_3,No
5000787_4,No
5000788_5,No
5000790_5,No
5000791_1,Yes
5000791_4,No
5000792_4,No
5000793_1,No
5000793_2,No
5000793_5,No
5000794_1,No
5000794_3,Yes
5000794_5,No
5000795_1,No
5000796_1,No
5000796_2,No
5000796_4,No
5000797_1,No
5000797_3,No
5000797_5,No
5000798_2,No
5000798_3,No
5000798_4,No
5000799_2,No
5000799_4,No
5000799_5,No
5000800_1,No
5000800_4,No
5000801_1,Yes
5000801_3,Yes
5000802_4,No
5000803_1,No
5000804_2,No
5000804_3,Yes
5000805_1,No
5000805_5,Yes
5000806_1,No
5000806_4,No
5000806_5,No
5000807_2,Yes
5000807_3,No
5000808_1,No
5000808_2,No
5000809_3,Yes
5000809_5,No
5000810_4,Yes
5000810_5,No
5000811_2,No
5000811_3,No
5000812_1,Yes
5000814_3,No
5000814_4,No
5000815_4,Yes
5000816_3,No
5000816_5,No
5000817_1,No
5000817_3,No
5000818_1,Yes
5000818_2,No
5000818_3,No
5000818_5,No
5000819_3,No
5000819_5,Yes
5000820_4,Yes
5000820_5,No
5000822_3,Yes
5000822_4,No
5000823_2,No
5000823_4,No
5000824_1,No
5000825_2,No
5000825_4,No
5000825_5,No
5000826_4,No
5000826_5,Yes
5000827_1,No
5000827_2,No
5000827_5,No
5000828_2,No
5000828_3,No
5000828_4,No
5000829_3,No
5000830_1,No
5000830_3,Yes
5000830_4,No
5000832_1,No
5000832_5,No
5000833_1,No
5000833_5,No
5000834_2,No
5000834_5,No
5000835_1,No
5000835_2,No
5000836_2,Yes
5000838_2,No
5000838_4,No
5000839_3,No
5000839_4,No
5000840_3,No
5000840_4,No
5000841_1,No
5000841_2,No
5000841_4,Yes
5000842_2,No
5000842_4,Yes
5000843_2,No
5000843_3,Yes
5000843_5,No
5000844_1,No
5000844_3,Yes
5000844_5,No
5000845_2,No
5000845_3,No
5000845_4,No
5000846_2,No
5000846_4,No
5000846_5,No
5000847_1,No
5000847_2,No
5000847_3,No
5000848_2,No
5000848_5,No
5000849_2,No
5000849_3,Yes
5000849_4,No
5000850_1,Yes
5000850_2,No
5000851_2,No
5000851_5,No
5000852_4,Yes
5000852_5,No
5000853_3,No
5000854_1,Yes
5000854_3,No
5000854_5,Yes
5000855_3,Yes
5000857_1,No
5000858_1,No
5000858_3,Yes
5000859_1,No
5000859_3,No
5000860_1,No
5000860_2,No
5000861_1,No
5000861_2,No
5000862_1,Yes
5000862_2,No
5000862_3,No
5000863_1,No
5000863_3,No
5000863_5,Yes
5000864_2,No
5000864_4,No
5000866_4,No
5000866_5,No
5000867_2,No
5000867_4,No
5000868_3,No
5000868_4,No
5000869_1,No
5000869_2,No
5000870_2,No
5000870_4,Yes
5000870_5,No
5000871_1,No
5000871_3,No
5000872_1,No
5000872_4,No
5000872_5,No
5000874_1,No
5000874_3,Yes
5000874_5,No
5000875_4,Yes
5000877_3,No
5000877_4,No
5000878_1,No
5000879_1,No
5000879_3,No
5000879_5,No
5000880_3,No
5000881_1,No
5000881_2,No
5000883_1,No
5000884_1,No
5000884_4,Yes
5000885_2,No
5000886_2,No
5000887_1,No
5000887_3,Yes
5000887_5,Yes
5000888_2,Yes
5000888_3,No
5000889_4,No
5000889_5,No
5000890_1,No
5000892_5,No
5000893_1,No
5000893_3,Yes
5000894_1,No
5000894_3,No
5000895_1,Yes
5000895_4,No
5000896_1,No
5000896_2,No
5000896_3,No
5000897_1,No
5000897_3,No
5000897_5,No
5000898_2,Yes
5000898_3,No
5000899_2,Yes
5000899_3,No
5000900_3,Yes
5000901_5,No
5000902_4,No
5000903_3,No
5000905_4,Yes
5000905_5,Yes
5000906_2,No
5000906_4,No
5000907_1,Yes
5000907_5,No
5000908_4,No
5000909_5,No
5000910_2,No
5000910_4,No
5000911_2,No
5000911_4,Yes
5000911_5,No
5000912_2,No
5000912_4,No
5000913_1,Yes
5000913_2,No
5000913_3,Yes
5000914_1,No
5000914_3,No
5000914_4,No
5000915_2,No
5000915_5,No
5000916_1,No
5000916_2,No
5000917_1,No
5000917_4,No
5000918_1,No
5000918_3,No
5000918_5,No
5000919_1,No
5000919_2,No
5000919_3,No
5000920_4,No
5000921_1,No
5000921_5,Yes
5000922_3,Yes
5000922_5,No
5000923_1,Yes
5000923_5,No
5000924_2,Yes
5000925_2,No
5000925_4,No
5000926_1,No
5000926_3,No
5000927_3,No
5000927_4,No
5000928_3,No
5000928_4,No
5000928_5,No
5000930_1,No
5000930_5,No
5000931_1,No
5000931_2,No
5000931_5,No
5000932_1,Yes
5000932_2,No
5000932_3,No
5000932_4,No
5000933_3,No
5000933_5,No
5000934_2,No
5000934_4,Yes
5000935_2,Yes
5000936_1,No
5000936_3,No
5000936_5,No
5000937_1,Yes
5000937_3,No
5000937_5,No
5000938_2,No
5000939_1,No
5000939_2,No
5000939_5,No
5000940_1,No
5000940_2,No
5000941_2,No
5000941_3,No
5000941_5,No
5000942_3,No
5000942_4,Yes
5000944_1,No
5000944_2,No
5000945_2,No
5000945_4,No
5000946_1,No
5000946_3,No
5000946_5,No
5000947_4,No
5000948_1,Yes
5000948_3,No
5000950_3,No
5000950_5,No
5000951_3,No
5000952_2,No
5000954_1,No
5000954_2,No
5000954_5,No
5000955_3,No
5000955_4,No
5000956_2,No
5000956_3,No
5000956_4,No
5000957_3,No
5000957_4,No
5000958_3,No
5000958_5,No
5000959_2,Yes
5000959_4,No
5000960_1,No
5000960_2,No
5000960_3,No
5000961_2,No
5000961_4,No
5000961_5,No
5000963_3,No
5000963_5,Yes
5000965_1,Yes
5000965_5,No
5000966_2,No
5000968_3,No
5000969_3,No
5000969_4,Yes
5000970_1,No
5000970_2,Yes
5000970_3,Yes
5000971_1,No
5000971_4,No
5000972_4,No
5000972_5,No
5000973_4,No
5000973_5,No
5000974_3,Yes
5000975_2,No
5000975_4,No
5000976_5,No
5000977_2,No
5000977_3,Yes
5000977_4,Yes
5000978_2,No
5000980_2,No
5000980_4,No
5000980_5,No
5000981_4,No
5000982_3,No
5000982_4,No
5000983_1,No
5000983_4,Yes
5000983_5,No
5000984_3,Yes
5000984_4,No
5000985_2,No
5000985_5,No
5000986_3,No
5000986_5,No
5000987_3,No
5000987_4,Yes
5000987_5,No
5000988_1,No
5000988_2,No
5000989_1,No
5000989_2,No
5000989_4,No
5000990_2,No
5000991_5,No
5000992_2,No
5000992_4,No
5000993_4,No
5000994_1,No
5000994_3,No
5000994_5,No
5000995_2,No
5000995_4,No
5000996_1,No
5000998_2,Yes
5000999_3,No
5001000_3,No
5001000_4,Yes
5001001_2,No
5001001_5,No
5001002_3,Yes
5001003_2,No
5001003_3,No
5001003_5,No
5001004_2,No
5001006_1,No
5001006_3,No
5001006_4,No
5001007_1,No
5001007_5,No
5001008_1,No
5001008_3,No
5001008_5,No
5001009_3,No
5001009_5,Yes
5001010_1,No
5001010_3,Yes
5001011_2,No
5001011_4,No
5001011_5,Yes
5001012_2,No
5001012_3,No
5001012_5,No
5001013_3,No
5001014_3,No
5001014_4,No
5001014_5,No
5001015_1,No
5001016_1,No
5001016_3,No
5001016_5,No
5001017_1,No
5001017_2,No
5001017_4,Yes
5001018_2,No
5001018_3,No
5001019_1,No
5001019_4,Yes
5001020_1,No
5001020_2,No
5001020_3,Yes
5001020_4,No
5001020_5,No
5001021_2,No
5001021_3,No
5001022_1,No
5001022_4,No
5001023_1,Yes
5001023_4,No
5001024_1,No
5001024_5,No
5001025_1,No
5001025_2,No
5001025_5,No
5001026_1,No
5001027_1,No
5001027_5,No
5001028_5,No
5001029_5,No
5001030_1,No
5001030_5,No
5001031_1,No
5001031_2,Yes
5001031_3,No
5001031_4,No
5001032_1,No
5001032_3,No
5001032_5,No
5001033_3,No
5001033_5,Yes
5001034_1,No
5001034_2,No
5001034_4,No
5001035_2,No
5001036_2,No
5001036_3,No
5001036_4,No
5001037_2,No
5001037_3,No
5001038_1,Yes
5001038_5,No
5001039_2,No
5001039_3,Yes
5001039_4,No
5001040_1,No
5001040_2,No
5001041_3,No
5001042_3,No
5001043_1,No
5001044_4,No
5001044_5,No
5001045_1,No
5001045_2,No
5001046_2,No
5001046_3,No
5001046_5,No
5001047_3,No
5001047_5,No
5001048_5,No
5001049_1,No
5001049_3,No
5001051_3,No
5001051_5,No
5001052_1,No
5001052_5,No
5001053_1,No
5001053_5,No
5001054_1,Yes
5001055_3,No
5001055_4,No
5001056_1,No
5001056_2,No
5001056_5,No
5001057_1,No
5001057_4,No
5001057_5,No
5001058_2,No
5001058_3,No
5001059_4,No
5001060_4,No
5001060_5,No
5001061_1,No
5001061_2,No
5001061_3,No
5001062_2,No
5001062_4,No
5001062_5,No
5001063_5,No
5001064_4,No
5001065_4,Yes
5001065_5,No
5001066_1,No
5001066_2,No
5001066_4,No
5001067_2,Yes
5001067_4,No
5001068_1,No
5001069_1,No
5001069_4,No
5001070_4,No
5001070_5,No
5001072_1,Yes
5001072_2,Yes
5001073_3,No
5001073_5,No
5001074_2,No
5001075_1,Yes
5001075_3,No
5001076_5,No
5001077_1,No
5001077_3,No
5001078_4,No
5001079_1,No
5001079_4,No
5001080_1,No
5001080_2,No
5001080_4,No
5001082_1,No
5001082_4,No
5001083_3,No
5001084_1,No
5001084_5,No
5001085_1,Yes
5001085_2,No
5001085_3,No
5001086_1,Yes
5001086_2,Yes
5001086_4,No
5001087_3,No
5001088_1,No
5001088_5,Yes
5001089_1,No
5001089_3,No
5001089_4,No
5001090_3,No
5001091_1,No
5001091_5,No
5001092_3,No
5001092_5,Yes
5001093_4,No
5001093_5,No
5001095_2,No
5001095_4,No
5001095_5,No
5001096_1,No
5001096_3,No
5001096_4,No
5001097_2,No
5001097_5,No
5001098_1,No
5001098_2,No
5001098_5,No
5001099_3,No
5001100_2,No
5001100_5,No
5001102_1,No
5001102_3,No
5001102_4,Yes
5001103_2,No
5001103_4,No
5001105_2,No
5001106_3,No
5001107_1,No
5001107_3,Yes
5001107_4,No
5001108_1,Yes
5001108_4,No
5001110_1,No
5001110_2,No
5001110_3,No
5001112_1,No
5001113_4,No
5001114_2,No
5001114_3,No
5001115_3,No
5001115_5,No
5001116_1,No
5001116_3,No
5001116_5,No
5001117_2,No
5001117_3,No
5001117_5,No
5001119_2,No
5001119_5,No
5001120_2,No
5001120_5,No
5001121_1,No
5001122_1,No
5001122_2,No
5001122_4,No
5001123_3,No
5001123_5,No
5001124_3,Yes
5001124_4,Yes
5001124_5,No
5001125_2,No
5001126_2,No
5001126_4,No
5001126_5,No
5001127_1,No
5001127_3,No
5001127_5,No
5001129_1,No
5001129_3,No
5001130_1,No
5001130_5,No
5001131_2,No
5001131_3,No
5001131_5,No
5001132_2,No
5001132_3,No
5001132_4,Yes
5001133_2,No
5001133_3,No
5001134_1,No
5001134_4,No
5001136_1,Yes
5001136_4,No
5001137_1,No
5001137_3,No
5001137_4,No
6000000_1,No
6000000_2,No
6000000_3,No
6000000_4,No
6000000_5,No
6000001_1,No
6000001_2,No
6000001_3,No
6000001_4,No
6000002_1,No
6000002_3,Yes
6000002_5,No
6000003_1,No
6000003_2,No
6000003_4,No
6000003_5,No
6000005_2,No
6000005_3,No
6000005_4,No
6000009_1,No
6000009_5,No
6000010_1,No
6000010_4,No
6000010_5,Yes
6000013_1,Yes
6000013_4,No
6000013_5,No
6000014_1,No
6000014_2,No
6000014_3,No
6000015_1,Yes
6000015_4,No
6000015_5,No
6000016_1,No
6000016_3,No
6000016_4,No
6000017_1,Yes
6000017_5,No
6000022_1,No
6000022_5,No
6000023_1,No
6000023_2,No
6000023_3,No
6000025_2,No
6000025_3,No
6000025_4,No
6000025_5,No
6000028_2,No
6000028_3,No
6000031_1,No
6000031_2,Yes
6000031_4,Yes
6000032_2,No
6000032_4,No
6000032_5,No
6000034_2,No
6000034_4,No
6000034_5,No
6000037_1,No
6000037_2,No
6000037_4,Yes
6000041_3,No
6000041_4,Yes
6000042_2,Yes
6000042_3,No
6000042_4,No
6000043_2,Yes
6000043_3,No
6000043_4,No
6000043_5,No
6000044_2,No
6000044_3,No
6000044_5,No
6000046_1,No
6000046_2,No
6000046_3,Yes
6000046_5,No
6000047_1,No
6000047_4,No
6000047_5,No
6000048_1,Yes
6000048_4,Yes
6000048_5,No
6000051_2,No
6000051_3,No
6000051_4,No
6000051_5,No
6000052_1,No
6000052_2,No
6000052_3,No
6000052_5,No
6000053_1,No
6000053_4,No
6000053_5,No
6000054_1,No
6000054_2,No
6000054_4,No
6000054_5,Yes
6000055_3,No
6000055_4,Yes
6000056_2,No
6000056_3,No
6000056_5,No
6000057_2,No
6000057_5,No
6000058_2,No
6000058_5,No
6000060_3,No
6000060_4,Yes
6000061_1,No
6000061_5,No
6000062_2,No
6000062_4,No
6000062_5,No
6000063_2,No
6000063_4,No
6000063_5,No
6000064_1,Yes
6000064_2,Yes
6000064_3,Yes
6000064_5,No
6000066_2,No
6000066_4,No
6000066_5,Yes
6000067_1,No
6000067_2,No
6000067_3,Yes
6000067_5,No
6000069_3,No
6000069_4,No
6000070_1,No
6000070_2,No
6000070_3,No
6000070_4,No
6000072_1,No
6000072_4,Yes
6000072_5,No
6128122_12_1,Yes
6128122_12_2,Yes
6128722_21_1,No
6128722_21_2,No
6128722_62_1,Yes
6128722_62_2,No
6134117_24_1,No
6134117_24_2,Yes
6134311_9_1,Yes
6134311_9_2,No
6135859_117_1,No
6135859_117_2,Yes
6136272_5_1,Yes
6136272_5_2,Yes
6136280_26_2,No
6136357_63_1,Yes
6136357_63_2,No
6136394_57_1,Yes
6136394_57_2,Yes
6136403_46_1,No
6136403_46_2,Yes
6136439_9_1,No
6136439_9_2,No
6136453_42_1,No
6136453_42_2,Yes
6136458_53_1,No
6136458_53_2,No
6136458_70_1,No
6136458_70_2,No
6136458_84_1,No
6136458_84_2,No
6136458_97_1,Yes
6136458_97_2,No
6136632_14_1,Yes
6136632_14_2,Yes
6136668_14_1,Yes
6136668_14_2,No
6137290_63_1,No
6142712_45_1,Yes
6142712_45_2,Yes
6163947_51_1,No
6163947_51_2,No
6163970_92_1,Yes
6163970_92_2,Yes
6165036_15_1,Yes
6165036_15_2,No
6165056_23_1,Yes
6165056_65_2,No
6165060_89_1,No
6165060_89_2,Yes
6165898_51_2,Yes
6165902_95_1,No
6165902_95_2,No
6165912_33_1,Yes
6165912_33_2,Yes
6165932_16_2,Yes
6165939_45_1,No
6165939_45_2,Yes
6165953_133_1,Yes
6165953_133_2,Yes
6165975_60_1,Yes
6165975_60_2,Yes
6165981_43_1,No
6165981_43_2,No
6166030_16_1,No
6166030_16_2,No
6166030_45_1,No
6166030_45_2,No
6166040_19_1,No
6166067_53_1,No
6166067_53_2,No
6166071_74_1,Yes
6166071_74_2,No
6166082_86_1,Yes
6166082_86_2,Yes
6166109_24_1,Yes
6166109_24_2,No
6166250_45_1,No
6166250_45_2,No
6166381_36_1,Yes
6166381_36_2,Yes
6166532_25_1,No
6166532_25_2,No
6166533_40_1,No
6166533_40_2,No
6166650_63_1,Yes
6166650_63_2,Yes
6166666_21_1,Yes
6166666_21_2,No
6166703_62_1,Yes
6166703_62_2,Yes
6166714_78_1,No
6166714_78_2,Yes
6172033_30_1,Yes
6172033_30_2,No
6184818_35_1,Yes
6184818_35_2,Yes
6187673_16_1,No
6187673_16_2,No
6206815_65_2,Yes
6206828_27_1,Yes
6206828_27_2,No
6206897_64_1,No
6206897_64_2,No
6206901_52_1,No
6206901_52_2,Yes
6207147_26_1,Yes
6207147_26_2,No
6207151_25_1,Yes
6207814_16_1,Yes
6207814_16_2,Yes
6207818_58_1,Yes
6207818_58_2,Yes
6259783_53_1,No
6259783_53_2,Yes
6263315_123_1,Yes
6263315_123_2,Yes
6289248_59_1,No
6289248_59_2,Yes
6303165_12_1,No
6303276_19_1,No
6303276_19_2,No
6303295_3_1,Yes
6303295_3_2,Yes
6315993_39_1,Yes
6315993_39_2,Yes
6321382_83_1,No
6321382_83_2,No
6321463_13_1,No
6321463_13_2,Yes
6321463_47_1,No
6321463_47_2,No
6321465_41_2,Yes
6321506_9_1,Yes
6321506_9_2,No
6328612_57_1,No
6329091_31_1,Yes
6329091_31_2,No
6329249_44_1,No
6329249_44_2,No
6345758_104_1,Yes
6345758_104_2,No
6348248_86_1,Yes
6348248_86_2,Yes
6348265_61_1,Yes
6348265_61_2,Yes
6348278_24_1,No
6348278_24_2,Yes
6348306_57_1,Yes
6348306_57_2,No
6348701_103_1,No
6348701_103_2,No
6349228_67_2,No
6377147_120_1,Yes
6377147_120_2,No
6377203_25_1,No
6377203_25_2,No
6377203_37_1,No
6377795_12_1,Yes
6377795_12_2,No
6377808_13_1,No
6377808_13_2,No
6377808_41_1,Yes
6377808_41_2,No
6377812_23_1,Yes
6377812_23_2,No
6383399_15_1,Yes
6383399_15_2,Yes
6383453_36_1,Yes
6383453_36_2,No
6404706_41_1,Yes
6404706_41_2,No
6404710_15_1,Yes
6404710_15_2,No
6404710_95_1,Yes
6404710_95_2,No
